{"options":{"check_for_updates":true,"comment":null,"compat_foreach":false,"compat_metadata":false,"compat_powerful_this":null,"compat_wrappedjsobject":false,"compatopts_for_requires":true,"noframes":null,"override":{"merge_connects":true,"merge_excludes":true,"merge_includes":true,"merge_matches":true,"orig_connects":[],"orig_excludes":[],"orig_includes":[],"orig_matches":["https://*.yunzhan365.com/*"],"orig_noframes":null,"orig_run_at":"document-end","orig_run_in":[],"orig_tags":[],"use_blockers":[],"use_connects":[],"use_excludes":[],"use_includes":[],"use_matches":[]},"run_at":null,"run_in":null,"sandbox":null,"tags":[],"unwrap":null,"user_modified":null},"settings":{"enabled":true,"position":11},"meta":{"name":"云展网下载PDF","uuid":"6c0fb5db-0576-4873-b4a8-26eed70b2581","modified":1763373587036,"file_url":"https://update.greasyfork.org/scripts/509505/%E4%BA%91%E5%B1%95%E7%BD%91%E4%B8%8B%E8%BD%BDPDF.user.js"}}