{"options":{"check_for_updates":true,"comment":null,"compat_foreach":false,"compat_metadata":false,"compat_powerful_this":null,"compat_wrappedjsobject":false,"compatopts_for_requires":true,"noframes":null,"override":{"merge_connects":true,"merge_excludes":true,"merge_includes":true,"merge_matches":true,"orig_connects":["172.17.0.1","127.0.0.1","localhost","blog.csdn.net"],"orig_excludes":[],"orig_includes":[],"orig_matches":["https://blog.csdn.net/*/article/details/*","https://*.blog.csdn.net/article/details/*"],"orig_noframes":null,"orig_run_at":"document-idle","orig_run_in":[],"orig_tags":[],"use_blockers":[],"use_connects":[],"use_excludes":[],"use_includes":[],"use_matches":[]},"run_at":null,"run_in":null,"sandbox":null,"tags":[],"unwrap":null,"user_modified":1765891998505},"settings":{"enabled":true,"position":14},"meta":{"name":"CSDN 自动AI神评助手 (气泡提示版)","uuid":"8cb3ae48-bb1e-4e7e-9eaa-a4004c79cedd","modified":1765891998505}}