{"options":{"check_for_updates":true,"comment":null,"compat_foreach":false,"compat_metadata":false,"compat_powerful_this":null,"compat_wrappedjsobject":false,"compatopts_for_requires":true,"noframes":null,"override":{"merge_connects":true,"merge_excludes":true,"merge_includes":true,"merge_matches":true,"orig_connects":["192.168.2.114"],"orig_excludes":[],"orig_includes":[],"orig_matches":["https://www.xiaohongshu.com/*","https://edith.xiaohongshu.com/*"],"orig_noframes":null,"orig_run_at":"document-start","orig_run_in":[],"orig_tags":[],"use_blockers":[],"use_connects":[],"use_excludes":[],"use_includes":[],"use_matches":[]},"run_at":null,"run_in":null,"sandbox":null,"tags":[],"unwrap":null,"user_modified":1765900340778},"settings":{"enabled":true,"position":15},"meta":{"name":"小红书全量数据采集 (Source标识 + 服务器回显)","uuid":"423db37b-0a6c-4502-8bac-27acc036a6c4","modified":1765900340777}}