{"options":{"check_for_updates":true,"user_modified":1766760748660,"comment":null,"compatopts_for_requires":true,"compat_wrappedjsobject":false,"compat_metadata":false,"compat_foreach":false,"compat_powerful_this":null,"sandbox":null,"noframes":null,"unwrap":null,"run_at":null,"run_in":null,"tags":[],"override":{"merge_connects":true,"merge_excludes":true,"merge_includes":true,"merge_matches":true,"orig_connects":["*"],"orig_excludes":[],"orig_includes":[],"orig_matches":["https://www.xiaohongshu.com/*","https://edith.xiaohongshu.com/*"],"orig_noframes":null,"orig_run_at":"document-start","orig_run_in":[],"orig_tags":[],"use_blockers":[],"use_connects":["*"],"use_excludes":[],"use_includes":[],"use_matches":[]}},"settings":{"enabled":true,"position":15},"meta":{"name":"小红书全量数据采集 (可视化配置版)","uuid":"423db37b-0a6c-4502-8bac-27acc036a6c4","modified":1766760748660}}