{"options":{"check_for_updates":true,"user_modified":1766760118839,"comment":null,"compatopts_for_requires":true,"compat_wrappedjsobject":false,"compat_metadata":false,"compat_foreach":false,"compat_powerful_this":null,"sandbox":null,"noframes":null,"unwrap":null,"run_at":null,"run_in":null,"tags":[],"override":{"use_includes":[],"orig_includes":[],"merge_includes":true,"use_matches":[],"orig_matches":["https://x.com/*","https://twitter.com/*"],"merge_matches":true,"use_excludes":[],"orig_excludes":[],"merge_excludes":true,"use_connects":["*"],"orig_connects":["*"],"merge_connects":true,"use_blockers":[],"orig_run_at":"document-start","orig_run_in":[],"orig_noframes":null,"orig_tags":[]}},"settings":{"enabled":true,"position":17},"meta":{"name":"X/Twitter 3-Way Hook (UI & Config Edition)","uuid":"015b4b6c-2ed9-4df6-8466-5e13a832b216","modified":1766760118838}}